{
  "SAP": "Systems, Applications and Products",
  "HCM": "Human Capital Management",
  "ECC": "ERP Central Component",
  "QA": "Quality Assurance",
  "QC": "Quality Control",
  "GMP": "Good Manufacturing Practice",
  "GDP": "Good Documentation Practice",
  "GLP": "Good Laboratory Practice",
  "GCP": "Good Clinical Practice",
  "GVP": "Good Pharmacovigilance Practice",
  "GxP": "Good x Practice (General term)",
  "CAPA": "Corrective and Preventive Action",
  "QMS": "Quality Management System",
  "SOP": "Standard Operating Procedure",
  "WI": "Work Instruction",
  "URS": "User Requirement Specification",
  "FRS": "Functional Requirement Specification",
  "DS": "Design Specification",
  "CS": "Configuration Specification",
  "TM": "Traceability Matrix",
  "IQ": "Installation Qualification",
  "OQ": "Operational Qualification",
  "PQ": "Performance Qualification",
  "DQ": "Design Qualification",
  "VSR": "Validation Summary Report",
  "VP": "Validation Plan",
  "RA": "Risk Assessment",
  "ER": "Electronic Records",
  "ES": "Electronic Signatures",
  "CFR": "Code of Federal Regulations",
  "FDA": "Food and Drug Administration",
  "EMA": "European Medicines Agency",
  "GAMP": "Good Automated Manufacturing Practice",
  "CSV": "Computer System Validation",
  "CSA": "Computer Software Assurance",
  "ALCOA": "Attributable, Legible, Contemporaneous, Original, Accurate",
  "KPI": "Key Performance Indicator",
  "R&D": "Research and Development",
  "API": "Active Pharmaceutical Ingredient",
  "LIMS": "Laboratory Information Management System",
  "EDMS": "Electronic Document Management System",
  "EQMS": "Electronic Quality Management System",
  "COA": "Certificate of Analysis",
  "COC": "Certificate of Conformance",
  "BOM": "Bill of Materials",
  "NC": "Non-Conformance",
  "OOS": "Out of Specification",
  "OOT": "Out of Trend",
  "HSE": "Health, Safety, and Environment",
  "PPE": "Personal Protective Equipment",
  "MSDS": "Material Safety Data Sheet",
  "SDS": "Safety Data Sheet"
}